,Vehicle_Trim,Dealer_List_Price
0,Limited,43402.90529956717
1,Limited,21655.21258141983
2,Limited,22108.14793957882
3,Limited,24701.152494911497
4,Limited,40854.38523927116
5,Limited,27343.140185816712
6,Limited,26186.221997578097
7,Limited,24061.019285614777
8,Limited,35412.81754048131
9,Limited,34779.98227971162
10,Limited,35003.12897565724
11,Limited,31631.852425270445
12,Limited,40308.48378184832
13,Limited,32231.389363437465
14,Limited,32665.588427275296
15,Limited,35868.45757516955
16,Limited,39712.17340165687
17,Limited,43652.66415220841
18,Limited,28060.66157409385
19,Limited,33061.50654526465
20,Limited,26528.28853527316
21,Limited,34865.00019124479
22,Limited,25115.53841326437
23,Limited,35442.28193433499
24,Limited,36950.87759134004
25,Limited,24202.96094968517
26,Limited,41101.50700076492
27,Limited,43331.70672160536
28,Limited,35452.911766283614
29,Limited,27292.664710637586
30,Limited,27286.35590528948
31,Limited,31225.114536878435
32,Limited,36789.98329761394
33,Limited,36523.20020499548
34,Limited,38782.90821759532
35,Limited,36480.79796462679
36,Limited,35619.37419794324
37,Limited,32574.72239021912
38,Limited,36908.60051501016
39,Limited,34091.276512526616
40,Limited,34759.216036712314
41,Limited,26242.77508895827
42,Limited,35269.96402425977
43,Limited,30658.366360977256
44,Limited,29143.989856722328
45,Limited,32911.90292236292
46,Limited,27544.789913664205
47,Limited,40778.509129374914
48,Limited,34701.80768125664
49,Limited,28285.70964221017
50,Limited,48273.12049460056
51,Limited,29442.684664528577
52,Limited,24903.00919985804
53,Limited,24152.42197866912
54,Limited,23844.66684132994
55,Limited,28846.531296017813
56,Limited,29295.369371954424
57,Limited,28766.901225784462
58,Limited,74172.81506574452
59,Limited,26414.43055663952
60,Limited,27087.50030069209
61,Limited,31065.754006596348
62,Limited,30721.541928597453
63,Limited,35793.73734268796
64,Limited,29777.05519655261
65,Limited,32016.988786698334
66,Limited,38796.89293258538
67,Limited,31992.60646547232
68,Limited,25860.30367995345
69,Limited,39589.61660827491
70,Limited,31790.84116612361
71,Limited,25288.0080686658
72,Limited,28381.358077576988
73,Limited,25538.73653159001
74,Limited,34513.90320296398
75,Limited,39458.450735415616
76,Limited,34981.11383064381
77,Limited,31907.16610853033
78,Limited,24006.055192269218
79,Limited,28480.01052430557
80,Limited,21495.64651926748
81,Limited,30040.09028511001
82,Limited,27027.331855477107
83,Limited,29209.557077793204
84,Limited,25364.041194348298
85,Limited,26417.149865400293
86,Limited,35338.47599755008
87,Limited,27122.7342138569
88,Limited,28348.81682117567
89,Limited,23669.508897332373
90,Limited,38962.64138471316
91,Limited,29145.28404305413
92,Limited,36440.396673417694
93,Limited,25850.98349119466
94,Limited,37202.77260684346
95,Limited,39844.50546632391
96,Limited,35322.8375949365
97,Limited,38853.1987994988
98,Limited,26666.44659149195
99,Limited,24953.66771514508
100,Limited,39574.709555632646
101,Limited,24871.869027977504
102,Limited,27200.384949422703
103,Limited,27031.135726271557
104,Limited,35976.94288774174
105,Limited,25325.04729338397
106,Limited,26991.137073660582
107,Limited,38935.68263101042
108,Limited,28643.173217849297
109,Limited,41742.28910100082
110,Limited,28669.10574837968
111,Limited,31265.881991662125
112,Limited,38771.89102794802
113,Limited,50747.5249889681
114,Limited,25989.359320176238
115,Limited,33748.09302525786
116,Limited,40905.39317364911
117,Limited,27119.10057869499
118,Limited,40083.16216904052
119,Limited,40513.44304390383
120,Limited,35524.666330208565
121,Limited,27527.01955185717
122,Limited,22748.2195835445
123,Limited,33675.43910780553
124,Limited,36668.53426266295
125,Limited,39844.82259985899
126,Limited,31570.089328122704
127,Limited,33671.574848168646
128,Limited,35464.187020538215
129,Limited,36708.352461274975
130,Limited,22074.48001543069
131,Limited,34633.01541796731
132,Limited,33958.44871765829
133,Limited,25697.67273365173
134,Limited,26832.653137895264
135,Limited,38955.86924008766
136,Limited,35673.338075511056
137,Limited,26862.1303092464
138,Limited,39106.798004557
139,Limited,23999.422807769915
140,Limited,35164.298162688574
141,Limited,36366.48556499759
142,Limited,37270.46177372917
143,Limited,35884.5287983756
144,Limited,21314.983412776608
145,Limited,34180.234576905445
146,Limited,28471.788965538093
147,Limited,46614.20044952308
148,Limited,32901.506766644256
149,Limited,28712.95347038944
150,Limited,51758.29488606736
151,Limited,72068.53213879836
152,Limited,37046.272450544246
153,Limited,27616.284036202494
154,Limited,29110.267820876797
155,Limited,32517.77093060947
156,Limited,20181.959227750995
157,Limited,23261.523691401504
158,Limited,26203.45848275823
159,Limited,35127.09848475438
160,Limited,23548.080810790478
161,Limited,27455.922044828425
162,Limited,41581.33606153341
163,Limited,26339.032168402715
164,Limited,33103.7457758357
165,Limited,28456.289966756405
166,Limited,34169.66062501658
167,Limited,35734.158554973474
168,Limited,29094.594767282768
169,Limited,36971.05874394577
170,Limited,31182.705265696364
171,Limited,26381.550495071177
172,Limited,38094.74984669794
173,Limited,34333.10332856728
174,Limited,29011.239986679237
175,Limited,41530.16236704208
176,Limited,33783.61686080955
177,Limited,46995.52703762992
178,Limited,31744.609559596374
179,Limited,37001.47433585607
180,Limited,32973.229150133455
181,Limited,33811.77391333071
182,Limited,28752.96910709879
183,Limited,35585.65814268223
184,Limited,26694.87737250113
185,Limited,22240.54499723836
186,Limited,25662.215993723203
187,Limited,30270.48002717117
188,Limited,32064.765305934565
189,Limited,36664.81519023204
190,Limited,40611.87514835528
191,Limited,35541.69723605584
192,Limited,27478.1870947129
193,Limited,38406.9243834306
194,Limited,39298.94313052386
195,Limited,28056.534804224822
196,Limited,37451.64736843872
197,Limited,22407.744713784945
198,Limited,32639.892433429293
199,Limited,26265.545542616823
200,Limited,29794.407407836785
201,Limited,33350.059609314834
202,Limited,35274.32194729423
203,Limited,33581.82916654956
204,Limited,29135.16819618494
205,Limited,38387.92290168317
206,Limited,53792.92048166063
207,Limited,38305.00536274967
208,Limited,34818.34648156735
209,Limited,36621.948315246766
210,Limited,23766.03302754434
211,Limited,28277.923683235585
212,Limited,33522.743542658645
213,Limited,29254.095111760995
214,Limited,26307.044572071885
215,Limited,24322.65657658463
216,Limited,30174.047074671333
217,Limited,24568.038186750964
218,Limited,21603.832164839427
219,Limited,37814.3246095019
220,Limited,37303.72556454893
221,Limited,35331.23822539261
222,Limited,32244.06244931051
223,Limited,35575.22794052197
224,Summit,42160.18041410684
225,Limited,42873.53360936404
226,Limited,37147.66038345285
227,Limited,25554.8115929444
228,Limited,25062.900494904687
229,Limited,26914.52191620851
230,Limited,34418.34518852923
231,Limited,34393.56727600616
232,Limited,30028.49508434546
233,Limited,28538.339657628218
234,Limited,29761.78183850722
235,Limited,24923.407349966925
236,Limited,37718.92133721952
237,Limited,44705.477484644005
238,Limited,36298.21796246742
239,Limited,31342.805410966517
240,Limited,30520.22414219875
241,Limited,26020.65189993177
242,Limited,37137.05861867579
243,Limited,42916.68213800647
244,Limited,35404.17841187309
245,Limited,40065.2542180803
246,Limited,33691.12694697271
247,Limited,37654.27442614724
248,Limited,32049.2060994082
249,Limited,32830.27247711699
250,Limited,31979.10596930058
251,Limited,31806.79764708289
252,Limited,25510.91541344945
253,Limited,37010.463602519805
254,Limited,34256.17289103268
255,Limited,48634.15214600958
256,Limited,47437.58405421607
257,Limited,35083.03247089406
258,Limited,38916.28856498365
259,Limited,25362.10914541604
260,Limited,32900.241184642415
261,Limited,22677.3278150964
262,Limited,27151.6269140244
263,Limited,35580.049521596346
264,Limited,47386.56932753588
265,Limited,25744.442786456137
266,Limited,23203.58043163416
267,Limited,26575.17887765248
268,Limited,35460.922248488154
269,Limited,23993.28143634076
270,Limited,35729.95008920594
271,Limited,28497.089764071206
272,Limited,26617.38586959977
273,Limited,27337.472496240065
274,Limited,34108.852142905576
275,Limited,36126.69273500072
276,Limited,32875.09761670616
277,Limited,23822.828331775687
278,Limited,28427.06717104838
279,Limited,40315.31579050165
280,Limited,40268.04218762617
281,Limited,38519.11910323042
282,Limited,27745.720763544567
283,Limited,35675.49633956612
284,Limited,30975.059541077782
285,Limited,37830.58712851846
286,Limited,34786.09725366647
287,Limited,33064.34843833818
288,Limited,33270.83306397329
289,Limited,38672.9494209573
290,Limited,28955.298240396165
291,Limited,39271.37149007364
292,Limited,38355.8546523429
293,Limited,38897.095711601614
294,Limited,34240.15735649851
295,Limited,25672.290840616697
296,Limited,35169.18905567854
297,Limited,23196.803348177244
298,Limited,30270.821227234137
299,Limited,34856.52032982434
300,Limited,32464.310465026432
301,Limited,45482.50494311815
302,Limited,24555.7447068756
303,Limited,26395.136849945105
304,Limited,39701.089650077614
305,Limited,27257.741255923826
306,Limited,27168.76678413403
307,Limited,36419.6317479478
308,Limited,27821.98914265448
309,Limited,45601.05627854562
310,Limited,35311.79933912514
311,Limited,39266.49146913216
312,Limited,30614.124738321887
313,Limited,40459.486734180784
314,Limited,31259.484338484872
315,Limited,30742.93070660577
316,Limited,40028.82777093382
317,Limited,37390.46486696957
318,Limited,35503.039620127965
319,Limited,32229.87051885373
320,Limited,34639.03113461812
321,Limited,39047.93500657209
322,Limited,40201.80992808215
323,Limited,25348.997319822018
324,Limited,28062.67286776592
325,Limited,33777.79451233182
326,Limited,32794.8732028901
327,Limited,52183.95578548977
328,Limited,29973.845355805555
329,Limited,36774.91513557357
330,Limited,28621.381748784115
331,Limited,35664.411343323525
332,Limited,36157.16826927483
333,Limited,44365.56872992336
334,Limited,25375.95954733537
335,Limited,32377.45517130482
336,Limited,28008.24887194153
337,Limited,25959.65555985704
338,Limited,27360.118277917565
339,Limited,46430.64115478457
340,Limited,32612.97910526
341,Limited,37734.53755972539
342,Limited,26028.072120756588
343,Limited,23757.08606182641
344,Limited,29565.515363085437
345,Limited,27272.08848940871
346,Limited,24847.18798356497
347,Limited,26146.39530187596
348,Limited,32911.48104164846
349,Limited,26082.79498270676
350,Limited,32289.486896122813
351,Limited,27205.99142804009
352,Limited,30237.93984820369
353,Limited,26081.412015957416
354,Limited,27669.117600321573
355,Limited,33830.40237510157
356,Limited,34692.02946921
357,Limited,38628.12949281857
358,Limited,32559.521260791396
359,Limited,25065.49048969564
360,Limited,26855.99311238805
361,Limited,37772.54577354854
362,Limited,31733.47654861039
363,Limited,29407.529332801005
364,Limited,33035.91724638081
365,Limited,28366.477070154997
366,Limited,27823.013365758547
367,Limited,27218.149037673797
368,Limited,28140.34949313566
369,Limited,32113.55398220552
370,Limited,26132.617263607564
371,Limited,28254.46384652756
372,Limited,27963.764518268486
373,Limited,39736.34973869277
374,Limited,29354.208260903957
375,Limited,42849.10669447294
376,Limited,31130.556915273584
377,Limited,35904.84595767595
378,Limited,28407.82170480116
379,Limited,25786.66412429932
380,Limited,22726.19076880681
381,Limited,26942.08176276472
382,Limited,24163.747663486043
383,Limited,29651.20319338389
384,Limited,27270.282502322232
385,Limited,26794.940628013028
386,Limited,36066.83343524416
387,Limited,35739.83586316519
388,Limited,36004.48375310289
389,Limited,38385.884876004566
390,Limited,28352.952707852903
391,Limited,25986.317975445665
392,Limited,23732.897820014623
393,Limited,30548.04189494208
394,Limited,37023.48429519088
395,Limited,28944.178486028708
396,Limited,28460.05841131364
397,Limited,25602.432213163072
398,Limited,22823.96400473747
399,Limited,24463.092797081328
400,Limited,42290.843758639305
401,Limited,40636.95665110255
402,Limited,34329.6378023108
403,Limited,27050.70561420681
404,Limited,33654.252420309094
405,Limited,31582.483846997628
406,Limited,27226.37248008917
407,Limited,34470.66234909201
408,Limited,25260.44424808483
409,Limited,35515.636013433985
410,Limited,36078.9434255053
411,Limited,32663.84267874853
412,Limited,33312.648896019644
413,Limited,34615.85501745306
414,Limited,31557.087743944398
415,Limited,42950.910090634185
416,Limited,32016.215362851173
417,Limited,36023.28199480399
418,Limited,34430.579618065225
419,Limited,36586.4752841942
420,Limited,44456.73541048155
421,Limited,25294.56297898949
422,Limited,28341.154709078502
423,Limited,34152.00841769416
424,Limited,33485.853465574764
425,Limited,40036.92647331549
426,Limited,35813.663188560735
427,Limited,36883.94553780182
428,Limited,36184.39559717091
429,Limited,29827.499499656948
430,Limited,21217.37330162434
431,Limited,30935.297352249567
432,Limited,36375.86618545072
433,Limited,37615.75348486443
434,Limited,34138.55331822885
435,Limited,34827.29625818397
436,Limited,39734.145617975904
437,Limited,27024.87036289042
438,Limited,25129.4081534984
439,Limited,22890.259994001142
440,Limited,20851.84598448046
441,Limited,37360.61793240074
442,Limited,40002.414989785335
443,Limited,37791.2322604607
444,Limited,30763.11260079444
445,Limited,24164.534919855498
446,Limited,37866.37954235768
447,Limited,33560.70992580446
448,Limited,38015.54193200887
449,Limited,32320.54087372689
450,Limited,36157.832508334366
451,Limited,39111.45286924333
452,Limited,36845.55658133584
453,Limited,31886.61730068625
454,Limited,25995.572413550355
455,Limited,27678.513152780564
456,Limited,24262.13238297079
457,Limited,28440.342273061924
458,Limited,41033.14202320079
459,Limited,26502.97749409241
460,Limited,26965.18400336736
461,Limited,34776.12462319237
462,Limited,28713.3659149795
463,Limited,44872.81249285687
464,Limited,33545.23557977208
465,Limited,35983.83843392647
466,Limited,25718.81174403335
467,Limited,37600.41471575749
468,Limited,39364.56999607499
469,Limited,27410.783301682623
470,Limited,26644.462959723984
471,Limited,30430.764951902664
472,Limited,36712.25560346255
473,Limited,33973.73155540589
474,Limited,22638.13506303056
475,Limited,42061.01121891647
476,Limited,30014.469331562213
477,Limited,37130.057182777
478,Limited,32960.349885150266
479,Limited,30818.108053065836
480,Limited,32349.299667344592
481,Limited,30046.525681108407
482,Limited,37872.305531721766
483,Limited,42136.621591674026
484,Limited,41004.95803965872
485,Limited,23489.067537740437
486,Limited,34165.193750284634
487,Limited,27720.464044069733
488,Limited,46595.481258579945
489,Limited,34902.01361069745
490,Limited,35016.23826371771
491,Limited,25419.290109565693
492,Limited,31190.49842101765
493,Limited,36190.437062427816
494,Limited,35983.47670270024
495,Limited,36981.60610651116
496,Limited,32014.965274866747
497,Limited,27997.139439290942
498,Limited,28690.89204237997
499,Limited,40062.332789192384
500,Limited,38214.472938016974
501,Limited,27931.04024466574
502,Limited,33201.6187037576
503,Limited,38067.419999503065
504,Limited,27298.01473721713
505,Limited,44152.588336538895
506,Limited,29081.0723535636
507,Limited,25372.579437378183
508,Limited,34517.093091998
509,Limited,26724.028423481563
510,Limited,29089.287117183747
511,Limited,27267.78584242817
512,Limited,35111.9100470323
513,Limited,29018.725424614546
514,Limited,25528.670596833108
515,Limited,24945.071889671337
516,Limited,28768.94296491087
517,Limited,34169.457621998736
518,Limited,32945.73754949176
519,Limited,22016.58348801447
520,Limited,25278.28482755949
521,Limited,28288.818107564817
522,Limited,35117.05509968074
523,Limited,46818.56791939313
524,Limited,35996.45735630224
525,Limited,34763.32685085117
526,Limited,44563.01063309768
527,Limited,28022.88840538467
528,Limited,27171.531957745086
529,Limited,26402.848770819463
530,Limited,28488.11444987863
531,Limited,35726.712336494325
532,Limited,25460.42570856586
533,Limited,70092.44878435036
534,Limited,35445.47223983714
535,Limited,41758.667932032935
536,Limited,36693.49229046998
537,Limited,26405.41655088326
538,Limited,28980.761398240335
539,Limited,24377.670504356392
540,Limited,38749.30017718811
541,Limited,31798.260133231408
542,Limited,27451.905788400545
543,Limited,24857.499347477416
544,Limited,26686.822935813623
545,Limited,41853.78594103725
546,Limited,32850.28798468111
547,Limited,27246.0131900436
548,Limited,29729.84353066004
549,Limited,30864.34810739005
550,Limited,26816.20270551991
551,Limited,28389.31577177008
552,Limited,39083.6732901883
553,Limited,26348.82356394235
554,Limited,32097.50555467132
555,Limited,38739.82226234869
556,Limited,37866.25994656431
557,Limited,31777.68196995351
558,Limited,21711.938617931643
559,Limited,37448.96839083682
560,Limited,34815.57894002298
561,Limited,41320.25002517258
562,Limited,38610.56075854825
563,Limited,33360.4634778451
564,Limited,21688.790619760548
565,Limited,23613.812290539958
566,Limited,22090.917728283814
567,Limited,31473.28719436362
568,Limited,31446.79591015945
569,Limited,35907.57972901296
570,Limited,35187.42277321879
571,Limited,25347.94671572477
572,Limited,39900.79038680861
573,Limited,30639.330693795957
574,Limited,32479.60363991093
575,Limited,37452.688862190495
576,Limited,31737.563767398384
577,Limited,33776.19871172213
578,Limited,37653.68351632818
579,Limited,32204.27000065956
580,Limited,39077.83887043986
581,Limited,39407.18991240251
582,Limited,31499.870216527037
583,Limited,28026.41207320059
584,Limited,38746.71620656585
585,Limited,22101.77058554589
586,Limited,23846.962851534317
587,Limited,34738.455268397214
588,Limited,32918.290972594565
589,Limited,24439.27487491564
590,Limited,26996.39647015753
591,Limited,28328.508002021823
592,Limited,37240.21425562065
593,Limited,28049.220033934253
594,Limited,32921.22312776932
595,Limited,38729.86271951335
596,Limited,25550.345944399807
597,Limited,28622.40924741466
598,Limited,37834.89329625437
599,Limited,35682.54618419016
600,Limited,42662.21938502874
601,Limited,34750.372393890044
602,Limited,35145.466703544975
603,Limited,35155.43872105977
604,Limited,42801.99798214107
605,Limited,34752.73716677223
606,Limited,36060.56795269832
607,Limited,36815.9969400046
608,Limited,38330.10044612695
609,Limited,28530.92774469054
610,Limited,37529.87663217474
611,Limited,27148.38212821301
612,Limited,38862.767088210414
613,Limited,29882.150300163798
614,Limited,19884.763283497203
615,Limited,35790.1011808148
616,Limited,40928.64026054586
617,Limited,25756.91742842169
618,Limited,23316.14171526033
619,Limited,27541.418156983163
620,Limited,33003.15679655641
621,Limited,32536.774673839194
622,Limited,28524.932504050787
623,Limited,36950.89533823529
624,Limited,33634.71892128492
625,Limited,33297.93171681872
626,Limited,29689.0917827232
627,Limited,22248.227915538773
628,Limited,37039.3338682098
629,Limited,53691.07838997263
630,Limited,28107.61024559906
631,Limited,22677.806627088252
632,Limited,33388.92304631897
633,Limited,44362.67328572107
634,Limited,30853.917451112517
635,Limited,28722.87950513611
636,Limited,47013.49956801578
637,Limited,25595.94142677224
638,Limited,24867.464175724825
639,Limited,27736.730023635188
640,Limited,23711.06324654068
641,Limited,28332.894312226766
642,Limited,36043.63174660641
643,Limited,32743.086716980124
644,Limited,37661.03348598052
645,Limited,35308.68152561263
646,Limited,32918.68169318592
647,Limited,25766.521800574817
648,Limited,37207.93141914882
649,Limited,27902.900791606648
650,Limited,31853.084649596465
651,Limited,28826.007417056386
652,Limited,25775.398982709678
653,Limited,32753.873824643524
654,Limited,26078.61505783473
655,Limited,32803.32676120372
656,Limited,27954.10695299046
657,Limited,32272.87314182567
658,Limited,28025.734927555164
659,Limited,35530.36883344661
660,Limited,30099.085918270503
661,Limited,23539.55979252781
662,Limited,25264.35571138209
663,Limited,25924.040568301985
664,Limited,30975.663089624573
665,Limited,31865.134138892096
666,Limited,30108.983672543167
667,Limited,22770.95435166337
668,Limited,34690.904593024105
669,Limited,44048.0242194437
670,Limited,36492.69262435596
671,Limited,28978.788839382218
672,Limited,35231.670588286404
673,Limited,26464.98138255094
674,Laredo,45234.98212152776
675,Limited,37967.02326882476
676,Limited,22830.911542999514
677,Limited,29522.953002934028
678,Limited,38224.38201370631
679,Limited,42218.35460866296
680,Limited,28037.476485803192
681,Limited,32990.92070976076
682,Limited,36734.51292717223
683,Limited,23870.043003681785
684,Limited,32124.66978165924
685,Limited,24693.249641499395
686,Limited,27726.25902261712
687,Limited,28041.01753210061
688,Limited,34210.509165998694
689,Limited,43349.67913404604
690,Limited,39206.98591920867
691,Limited,28408.811260352133
692,Limited,25513.86409945829
693,Limited,28303.17176220842
694,Limited,25056.533433540026
695,Limited,34674.92423103099
696,Limited,41771.3866991951
697,Limited,26436.590949148755
698,Limited,23759.14572651402
699,Limited,26092.444507819077
700,Limited,36179.66440088245
701,Limited,22925.51296144397
702,Limited,27121.16663625911
703,Limited,31944.69231648686
704,Limited,41303.978952357895
705,Limited,30402.78510576285
706,Limited,29239.114732968766
707,Limited,22777.474790759952
708,Limited,41555.43896424247
709,Limited,26787.562443087536
710,Limited,33439.63717715186
711,Limited,28785.357305259786
712,Limited,34166.055878562285
713,Limited,23844.8617243096
714,Limited,37047.7278931955
715,Limited,32317.78555106742
716,Limited,24017.35662140357
717,Limited,33278.95610390915
718,Limited,32055.192811273904
719,Limited,24559.64771686652
720,Limited,35598.14422714127
721,Limited,26942.294643045803
722,Limited,26854.614664521818
723,Limited,35848.91169993681
724,Limited,34052.25143821279
725,Limited,39512.5634925162
726,Limited,24955.231647198398
727,Limited,33022.42010077108
728,Limited,34711.43057818431
729,Limited,21309.790114131614
730,Limited,50207.95530834207
731,Limited,22401.451824220392
732,Limited,38371.28790460037
733,Limited,36534.79791706086
734,Limited,22094.815500439425
735,Limited,24050.59899466352
736,Limited,39175.58653299699
737,Limited,25636.347431723192
738,Limited,34824.50393744421
739,Limited,29184.179180550767
740,Limited,31983.39067393092
741,Limited,38329.21601118492
742,Limited,32365.374967515247
743,Limited,44586.63785842728
744,Limited,30971.488630329342
745,Limited,29258.59398844012
746,Limited,26763.381517352
747,Limited,33184.96279361879
748,Limited,22490.897034061185
749,Limited,32290.1546871928
750,Limited,33080.7482617785
751,Limited,22152.79755697893
752,Limited,34821.495974467885
753,Limited,35473.258149977366
754,Limited,24884.84583505315
755,Limited,26800.451740990546
756,Limited,45116.62147718238
757,Limited,37853.368909639445
758,Limited,23051.066829044263
759,Limited,34285.144726692524
760,Limited,35369.17514837746
761,Limited,24694.23119455105
762,Limited,26129.22980888794
763,Limited,36341.26807057516
764,Limited,39668.717996063744
765,Limited,35155.87743829761
766,Limited,38429.37248391486
767,Limited,44562.179122721245
768,Limited,24058.43181261932
769,Limited,37208.9538200001
770,Limited,30035.427232578564
771,Limited,35856.254059389896
772,Limited,37995.63917772669
773,Limited,24867.86867960008
774,Limited,30590.1065966618
775,Limited,24604.984846811934
776,Limited,23623.89789710454
777,Limited,26511.13182289877
778,Limited,38181.62828675638
779,Limited,26440.78775809354
780,Limited,23257.3648192894
781,Limited,24565.805330879677
782,Limited,31964.26761392609
783,Limited,37402.357651408296
784,Limited,34448.69094899952
785,Limited,23892.39920555999
786,Limited,24286.739040974997
787,Limited,36134.270511395385
788,Limited,36951.829619298216
789,Limited,31774.84864768845
790,Limited,22445.05371201502
791,Limited,25684.45704770497
792,Limited,25765.23970323573
793,Limited,36574.35717969613
794,Limited,36395.62486102868
795,Limited,37228.53502506887
796,Limited,31190.120297000296
797,Limited,28261.60863963948
798,Limited,30087.51553558737
799,Limited,37662.886656087045
800,Limited,23265.392113517133
801,Limited,36921.3781526489
802,Limited,46991.695992582914
803,Limited,38803.31384246986
804,Limited,46652.62807536451
805,Limited,24876.751870822947
806,Limited,23492.24449685253
807,Limited,35723.36075361826
808,Limited,57215.06763530746
809,Limited,33844.25453702658
810,Limited,35623.46538178183
811,Limited,25974.32374621935
812,Limited,31603.844312922414
813,Limited,27974.95333322338
814,Limited,32481.2472748086
815,Limited,40494.92029862701
816,Limited,37431.105086808064
817,Limited,45411.999548142354
818,Limited,21720.40734592173
819,Limited,29396.80540667928
820,Limited,35047.206791937606
821,Limited,34041.59895587983
822,Limited,31444.588298136903
823,Limited,38037.79511931414
824,Limited,29416.516667336797
825,Limited,47070.88410199143
826,Limited,36977.991446824526
827,Limited,37947.957740015816
828,Limited,32044.90012231759
829,Limited,26189.718703984472
830,Limited,27737.019354539363
831,Limited,36928.62509058486
832,Limited,23741.10955385
833,Limited,26317.52661981736
834,Limited,31290.303990482036
835,Limited,35108.85445232861
836,Limited,27791.23635562234
837,Limited,35159.16649880264
838,Limited,41333.88431597904
839,Limited,32895.57514172033
840,Limited,27430.673410200285
841,Limited,25927.577048844974
842,Limited,38174.45361236867
843,Limited,32232.289063360477
844,Limited,41042.34871068103
845,Limited,26702.07967339755
846,Limited,39225.27387577431
847,Limited,38033.14845248128
848,Limited,35320.132008854154
849,Limited,33595.40317361923
850,Limited,34833.69105171204
851,Limited,26902.265185211632
852,Limited,29144.087495548996
853,Limited,22811.73165903197
854,Limited,23864.24895337177
855,Limited,28087.409044159434
856,Limited,33832.29976828402
857,Limited,34044.34701316387
858,Limited,24315.775027090785
859,Limited,35688.33892712778
860,Limited,27199.52687079629
861,Limited,34466.87555070027
862,Limited,28391.578159549696
863,Limited,35983.1911650654
864,Limited,24359.537340523835
865,Limited,34608.488298531025
866,Limited,28576.91434874043
867,Limited,31453.94637379728
868,Limited,27220.6851387212
869,Limited,33898.771346864225
870,Limited,38998.85286571132
871,Limited,29643.40230585449
872,Limited,40714.94275373805
873,Limited,23407.26041283559
874,Limited,22947.598396061192
875,Limited,34306.49466801911
876,Limited,34123.744714264816
877,Limited,30553.03103464033
878,Limited,30925.39237237555
879,Limited,48753.69103494355
880,Limited,27178.97669826651
881,Limited,39659.88552889489
882,Limited,30983.690273951182
883,Limited,39720.57387871329
884,Limited,34169.11851133096
885,Limited,25757.85648264477
886,Limited,26657.415135831463
887,Limited,42407.0071956856
888,Limited,24532.042342321605
889,Limited,24837.12652316749
890,Limited,28555.67723609962
891,Limited,41071.416851193135
892,Limited,25124.2117385867
893,Limited,28882.70832649001
894,Limited,28225.952775092825
895,Limited,37747.16268028536
896,Limited,29067.070369873494
897,Limited,26123.91293539603
898,Limited,41854.87859667093
899,Limited,29277.10511352736
900,Limited,41817.257082847136
901,Limited,22003.709816458977
902,Limited,39032.89269134325
903,Limited,32069.8341661553
904,Limited,41055.99824068123
905,Limited,22092.01805964469
906,Limited,32607.997422720044
907,Limited,26142.28348296942
908,Limited,28220.94316158472
909,Limited,35261.984835943374
910,Limited,28658.34435959913
911,Limited,30040.992036071184
912,Limited,25270.583039665617
913,Limited,37913.93183262895
914,Limited,40336.88544829397
915,Limited,38074.41041755542
916,Limited,31884.957496831037
917,Limited,26009.13903553168
918,Limited,24224.071943401235
919,Limited,23072.971722356444
920,Limited,30050.213950322486
921,Limited,29247.309362894383
922,Laredo,74111.57799865554
923,Limited,29302.764977072915
924,Limited,42175.051368009554
925,Limited,29898.095858270797
926,Limited,25319.55263793374
927,Limited,40055.52076376783
928,Limited,26365.615600067413
929,Limited,31544.085364288298
930,Limited,26008.28749125571
931,Limited,37928.45424685859
932,Limited,25647.690916369123
933,Limited,25854.76463301085
934,Limited,29791.972745467006
935,Limited,47819.49836254862
936,Limited,54734.20569815806
937,Limited,28105.201414045117
938,Limited,31325.57320152234
939,Limited,21945.285767729743
940,Limited,24268.08824746064
941,Limited,32497.798004937715
942,Limited,37506.23631109839
943,Limited,41035.14152240152
944,Limited,34772.675392998775
945,Limited,39035.50132371877
946,Limited,29068.952500152114
947,Limited,42781.04791932476
948,Limited,40347.79046924629
949,Limited,41722.16780262906
950,Limited,27728.333103922145
951,Limited,28258.87992168199
952,Limited,40213.18401418331
953,Limited,40327.11832960767
954,Limited,30338.62980775873
955,Limited,23324.25502855184
956,Limited,29606.18034701404
957,Limited,32500.38046156815
958,Limited,25219.491356721708
959,Limited,25119.630012515336
960,Limited,29898.454906046467
961,Limited,31771.32667527866
962,Limited,23041.34220457753
963,Limited,31537.943206478496
964,Limited,70834.0691033084
965,Limited,27465.755174293165
966,Limited,34038.39701237504
967,Limited,25565.881356015518
968,Limited,34889.68587899156
969,Limited,25369.380079442148
970,Limited,26564.5995896278
971,Limited,23000.73082319314
972,Limited,29924.48462332355
973,Limited,33660.09994753496
974,Limited,22736.74717181516
975,Limited,28608.22748277805
976,Limited,26803.368106342077
977,Limited,25672.970790538333
978,Limited,23599.01537024843
979,Limited,28771.17478053268
980,Limited,34208.04217374658
981,Limited,22822.659730726795
982,Limited,23277.18935830298
983,Limited,40298.11415022666
984,Limited,50763.34892812002
985,Limited,19492.56085352253
986,Limited,30417.83714389768
987,Limited,22336.1235857722
988,Limited,36470.25027405986
989,Limited,30622.399169318087
990,Limited,24042.500259679306
991,Limited,48957.04743070103
992,Limited,49010.53584418417
993,Limited,29642.808334438578
994,Limited,28275.984253640952
995,Limited,33344.38724553569
996,Limited,35429.41992215142
997,Limited,42498.278454656334
998,Premium Luxury,46828.77946276322
999,Limited,39383.038539704685
